{"cameraMode":{"drawMode":0,"name":"Shaded","section":"Shading Mode"},"sceneLighting":false,"audioPlay":false,"sceneViewState":{"showFog":true,"showMaterialUpdate":false,"showSkybox":false,"showFlares":true,"showImageEffects":true,"showParticleSystems":true},"in2DMode":false,"pivot":{"x":-10.443093299865723,"y":-7.2993035316467289,"z":-16.067113876342775},"rotation":{"x":-0.29395967721939089,"y":0.5989335775375366,"z":-0.2510555684566498,"w":-0.7013338208198547},"size":14.142465591430664,"orthographic":false}