{"cameraMode":{"drawMode":0,"name":"Shaded","section":"Shading Mode"},"sceneLighting":false,"audioPlay":false,"sceneViewState":{"showFog":true,"showMaterialUpdate":false,"showSkybox":false,"showFlares":true,"showImageEffects":true,"showParticleSystems":true},"in2DMode":false,"pivot":{"x":0.00002288818359375,"y":-0.09739792346954346,"z":-10.0},"rotation":{"x":-0.26290109753608706,"y":0.6544182300567627,"z":-0.2610180974006653,"w":-0.6591731905937195},"size":14.142455101013184,"orthographic":false}