{"cameraMode":{"drawMode":0,"name":"Shaded","section":"Shading Mode"},"sceneLighting":false,"audioPlay":false,"sceneViewState":{"showFog":true,"showMaterialUpdate":false,"showSkybox":false,"showFlares":true,"showImageEffects":true,"showParticleSystems":true},"in2DMode":false,"pivot":{"x":2.980232238769531e-7,"y":0.9357688426971436,"z":0.0},"rotation":{"x":0.13684861361980439,"y":-0.17550764977931977,"z":0.0247377697378397,"w":0.9746742248535156},"size":2.637352228164673,"orthographic":false}