{"cameraMode":{"drawMode":0,"name":"Shaded","section":"Shading Mode"},"sceneLighting":false,"audioPlay":false,"sceneViewState":{"showFog":true,"showMaterialUpdate":false,"showSkybox":false,"showFlares":true,"showImageEffects":true,"showParticleSystems":true},"in2DMode":false,"pivot":{"x":-36.97781753540039,"y":-33.61327362060547,"z":-16.76782989501953},"rotation":{"x":0.002579662250354886,"y":0.912333607673645,"z":-0.4094048738479614,"w":0.0057486300356686119},"size":46.283512115478519,"orthographic":false}