{"cameraMode":{"drawMode":0,"name":"Shaded","section":"Shading Mode"},"sceneLighting":false,"audioPlay":false,"sceneViewState":{"showFog":true,"showMaterialUpdate":false,"showSkybox":false,"showFlares":true,"showImageEffects":true,"showParticleSystems":true},"in2DMode":false,"pivot":{"x":0.0,"y":0.7536627650260925,"z":2.9802322387695315e-8},"rotation":{"x":0.30115213990211489,"y":-0.02682412602007389,"z":0.008597861975431443,"w":0.9532256722450256},"size":0.9384806156158447,"orthographic":false}