{"cameraMode":{"drawMode":0,"name":"Shaded","section":"Shading Mode"},"sceneLighting":false,"audioPlay":false,"sceneViewState":{"showFog":true,"showMaterialUpdate":false,"showSkybox":false,"showFlares":true,"showImageEffects":true,"showParticleSystems":true},"in2DMode":false,"pivot":{"x":71.48939514160156,"y":21.304489135742189,"z":-1415.3433837890625},"rotation":{"x":-0.0009908437496051193,"y":-0.9987081289291382,"z":0.04677478224039078,"w":-0.022491803392767907},"size":751.3516845703125,"orthographic":false}