{"cameraMode":{"drawMode":0,"name":"Shaded","section":"Shading Mode"},"sceneLighting":true,"audioPlay":false,"sceneViewState":{"showFog":true,"showMaterialUpdate":false,"showSkybox":true,"showFlares":true,"showImageEffects":true,"showParticleSystems":true},"in2DMode":false,"pivot":{"x":212.4866485595703,"y":-141.19464111328126,"z":-207.00021362304688},"rotation":{"x":-0.08989733457565308,"y":-0.893142819404602,"z":0.20612701773643495,"w":-0.38959652185440066},"size":185.87400817871095,"orthographic":false}